Lead_ID,Stage,Stage_Order,Entry_Date
LD-0001,Initial Contact,1,2024-11-23
LD-0001,Qualified Lead,2,2024-11-26
LD-0001,Sales Meeting,3,2024-02-12
LD-0002,Initial Contact,1,2024-01-17
LD-0002,Qualified Lead,2,2024-01-23
LD-0002,Sales Meeting,3,2024-01-29
LD-0002,Proposal Sent,4,2024-02-02
LD-0002,Deal Closed,5,2024-02-17
LD-0003,Initial Contact,1,2024-04-22
LD-0004,Initial Contact,1,2024-06-21
LD-0004,Qualified Lead,2,2024-06-23
LD-0004,Sales Meeting,3,2024-02-07
LD-0004,Proposal Sent,4,2024-05-07
LD-0004,Deal Closed,5,2024-10-07
LD-0005,Initial Contact,1,2024-04-03
LD-0005,Qualified Lead,2,2024-07-03
LD-0006,Initial Contact,1,2024-01-24
LD-0006,Qualified Lead,2,2024-01-25
LD-0006,Sales Meeting,3,2024-01-29
LD-0006,Proposal Sent,4,2024-01-30
LD-0007,Initial Contact,1,2024-03-24
LD-0007,Qualified Lead,2,2024-03-25
LD-0007,Sales Meeting,3,2024-03-26
LD-0007,Proposal Sent,4,2024-04-04
LD-0007,Deal Closed,5,2024-10-04
LD-0008,Initial Contact,1,2024-05-05
LD-0008,Qualified Lead,2,2024-08-05
LD-0009,Initial Contact,1,2024-04-27
LD-0009,Qualified Lead,2,2024-04-28
LD-0009,Sales Meeting,3,2024-05-05
LD-0009,Proposal Sent,4,2024-06-05
LD-0010,Initial Contact,1,2024-12-09
LD-0010,Qualified Lead,2,2024-09-13
LD-0010,Sales Meeting,3,2024-09-18
LD-0010,Proposal Sent,4,2024-09-21
LD-0010,Deal Closed,5,2024-08-10
LD-0011,Initial Contact,1,2024-10-25
LD-0012,Initial Contact,1,2024-12-14
LD-0013,Initial Contact,1,2024-02-28
LD-0013,Qualified Lead,2,2024-03-03
LD-0014,Initial Contact,1,2024-05-14
LD-0014,Qualified Lead,2,2024-05-17
LD-0014,Sales Meeting,3,2024-05-18
LD-0014,Proposal Sent,4,2024-05-19
LD-0015,Initial Contact,1,2024-10-07
LD-0015,Qualified Lead,2,2024-07-14
LD-0016,Initial Contact,1,2024-06-06
LD-0016,Qualified Lead,2,2024-08-06
LD-0016,Sales Meeting,3,2024-06-13
LD-0016,Proposal Sent,4,2024-06-14
LD-0016,Deal Closed,5,2024-06-18
LD-0017,Initial Contact,1,2024-09-29
LD-0018,Initial Contact,1,2024-03-10
LD-0018,Qualified Lead,2,2024-08-10
LD-0018,Sales Meeting,3,2024-10-16
LD-0019,Initial Contact,1,2024-06-05
LD-0019,Qualified Lead,2,2024-09-05
LD-0019,Sales Meeting,3,2024-05-14
LD-0019,Proposal Sent,4,2024-05-16
LD-0019,Deal Closed,5,2024-05-27
LD-0020,Initial Contact,1,2024-04-27
LD-0020,Qualified Lead,2,2024-02-05
LD-0020,Sales Meeting,3,2024-12-05
LD-0020,Proposal Sent,4,2024-05-14
LD-0020,Deal Closed,5,2024-05-20
LD-0021,Initial Contact,1,2024-10-19
LD-0022,Initial Contact,1,2024-01-28
LD-0022,Qualified Lead,2,2024-01-02
LD-0022,Sales Meeting,3,2024-06-02
LD-0022,Proposal Sent,4,2024-10-02
LD-0022,Deal Closed,5,2024-12-02
LD-0023,Initial Contact,1,2024-08-17
LD-0023,Qualified Lead,2,2024-08-18
LD-0023,Sales Meeting,3,2024-08-28
LD-0023,Proposal Sent,4,2024-06-09
LD-0023,Deal Closed,5,2024-09-13
LD-0024,Initial Contact,1,2024-02-20
LD-0024,Qualified Lead,2,2024-02-25
LD-0024,Sales Meeting,3,2024-04-03
LD-0024,Proposal Sent,4,2024-07-03
LD-0024,Deal Closed,5,2024-03-16
LD-0025,Initial Contact,1,2024-05-09
LD-0025,Qualified Lead,2,2024-11-09
LD-0025,Sales Meeting,3,2024-09-17
LD-0025,Proposal Sent,4,2024-09-26
LD-0026,Initial Contact,1,2024-05-26
LD-0026,Qualified Lead,2,2024-05-30
LD-0026,Sales Meeting,3,2024-06-06
LD-0026,Proposal Sent,4,2024-10-06
LD-0026,Deal Closed,5,2024-06-18
LD-0027,Initial Contact,1,2024-10-23
LD-0028,Initial Contact,1,2024-09-17
LD-0028,Qualified Lead,2,2024-09-19
LD-0028,Sales Meeting,3,2024-09-27
LD-0028,Proposal Sent,4,2024-06-10
LD-0028,Deal Closed,5,2024-11-10
LD-0029,Initial Contact,1,2024-06-05
LD-0030,Initial Contact,1,2024-09-06
LD-0030,Qualified Lead,2,2024-10-06
LD-0031,Initial Contact,1,2024-10-15
LD-0032,Initial Contact,1,2024-03-21
LD-0032,Qualified Lead,2,2024-03-22
LD-0033,Initial Contact,1,2024-05-12
LD-0033,Qualified Lead,2,2024-08-12
LD-0033,Sales Meeting,3,2024-12-18
LD-0033,Proposal Sent,4,2024-12-20
LD-0033,Deal Closed,5,2024-12-26
LD-0034,Initial Contact,1,2024-04-17
LD-0035,Initial Contact,1,2024-04-08
LD-0036,Initial Contact,1,2024-10-14
LD-0036,Qualified Lead,2,2024-10-17
LD-0036,Sales Meeting,3,2024-10-25
LD-0036,Proposal Sent,4,2024-10-30
LD-0036,Deal Closed,5,2024-05-11
LD-0037,Initial Contact,1,2024-03-16
LD-0038,Initial Contact,1,2024-07-12
LD-0038,Qualified Lead,2,2024-09-12
LD-0038,Sales Meeting,3,2024-12-14
LD-0038,Proposal Sent,4,2024-12-16
LD-0038,Deal Closed,5,2024-12-23
LD-0039,Initial Contact,1,2024-03-24
LD-0039,Qualified Lead,2,2024-03-27
LD-0039,Sales Meeting,3,2024-10-04
LD-0039,Proposal Sent,4,2024-04-15
LD-0040,Initial Contact,1,2024-07-05
LD-0040,Qualified Lead,2,2024-09-05
LD-0040,Sales Meeting,3,2024-10-05
LD-0040,Proposal Sent,4,2024-05-14
LD-0041,Initial Contact,1,2024-05-06
LD-0041,Qualified Lead,2,2024-12-06
LD-0041,Sales Meeting,3,2024-06-18
LD-0041,Proposal Sent,4,2024-06-23
LD-0042,Initial Contact,1,2024-06-28
LD-0042,Qualified Lead,2,2024-06-29
LD-0043,Initial Contact,1,2024-05-15
LD-0043,Qualified Lead,2,2024-05-19
LD-0043,Sales Meeting,3,2024-05-29
LD-0043,Proposal Sent,4,2024-05-31
LD-0043,Deal Closed,5,2024-06-15
LD-0044,Initial Contact,1,2024-10-22
LD-0045,Initial Contact,1,2024-10-04
LD-0045,Qualified Lead,2,2024-04-14
LD-0045,Sales Meeting,3,2024-04-29
LD-0045,Proposal Sent,4,2024-01-05
LD-0045,Deal Closed,5,2024-06-05
LD-0046,Initial Contact,1,2024-02-06
LD-0046,Qualified Lead,2,2024-05-06
LD-0046,Sales Meeting,3,2024-09-06
LD-0047,Initial Contact,1,2024-03-30
LD-0047,Qualified Lead,2,2024-02-04
LD-0048,Initial Contact,1,2024-08-26
LD-0048,Qualified Lead,2,2024-08-29
LD-0048,Sales Meeting,3,2024-01-09
LD-0048,Proposal Sent,4,2024-10-09
LD-0048,Deal Closed,5,2024-09-14
LD-0049,Initial Contact,1,2024-05-25
LD-0049,Qualified Lead,2,2024-05-27
LD-0049,Sales Meeting,3,2024-06-06
LD-0050,Initial Contact,1,2024-01-13
LD-0050,Qualified Lead,2,2024-01-16
LD-0050,Sales Meeting,3,2024-01-28
LD-0050,Proposal Sent,4,2024-01-29
LD-0050,Deal Closed,5,2024-06-02
LD-0051,Initial Contact,1,2024-12-22
LD-0051,Qualified Lead,2,2024-12-25
LD-0052,Initial Contact,1,2024-04-22
LD-0052,Qualified Lead,2,2024-04-23
LD-0052,Sales Meeting,3,2024-04-24
LD-0052,Proposal Sent,4,2024-04-30
LD-0052,Deal Closed,5,2024-09-05
LD-0053,Initial Contact,1,2024-07-12
LD-0053,Qualified Lead,2,2024-10-12
LD-0053,Sales Meeting,3,2024-12-18
LD-0054,Initial Contact,1,2024-07-10
LD-0055,Initial Contact,1,2024-05-09
LD-0056,Initial Contact,1,2024-04-28
LD-0057,Initial Contact,1,2024-07-18
LD-0057,Qualified Lead,2,2024-07-24
LD-0057,Sales Meeting,3,2024-01-08
LD-0058,Initial Contact,1,2024-07-18
LD-0058,Qualified Lead,2,2024-07-22
LD-0058,Sales Meeting,3,2024-07-25
LD-0058,Proposal Sent,4,2024-01-08
LD-0058,Deal Closed,5,2024-08-14
LD-0059,Initial Contact,1,2024-11-08
LD-0059,Qualified Lead,2,2024-12-08
LD-0060,Initial Contact,1,2024-09-30
LD-0060,Qualified Lead,2,2024-03-10
LD-0060,Sales Meeting,3,2024-10-13
LD-0060,Proposal Sent,4,2024-10-23
LD-0060,Deal Closed,5,2024-10-29
LD-0061,Initial Contact,1,2024-01-26
LD-0061,Qualified Lead,2,2024-01-27
LD-0062,Initial Contact,1,2024-11-02
LD-0062,Qualified Lead,2,2024-12-02
LD-0062,Sales Meeting,3,2024-02-18
LD-0063,Initial Contact,1,2024-01-16
LD-0064,Initial Contact,1,2024-12-24
LD-0064,Qualified Lead,2,2024-12-28
LD-0064,Sales Meeting,3,2025-04-01
LD-0064,Proposal Sent,4,2025-01-13
LD-0064,Deal Closed,5,2025-01-19
LD-0065,Initial Contact,1,2024-08-06
LD-0065,Qualified Lead,2,2024-06-16
LD-0065,Sales Meeting,3,2024-06-25
LD-0065,Proposal Sent,4,2024-06-27
LD-0065,Deal Closed,5,2024-06-29
LD-0066,Initial Contact,1,2024-08-02
LD-0066,Qualified Lead,2,2024-11-02
LD-0066,Sales Meeting,3,2024-02-17
LD-0066,Proposal Sent,4,2024-02-24
LD-0067,Initial Contact,1,2024-10-16
LD-0067,Qualified Lead,2,2024-10-18
LD-0068,Initial Contact,1,2024-02-24
LD-0068,Qualified Lead,2,2024-02-25
LD-0069,Initial Contact,1,2024-11-11
LD-0069,Qualified Lead,2,2024-11-15
LD-0070,Initial Contact,1,2024-02-14
LD-0070,Qualified Lead,2,2024-02-15
LD-0071,Initial Contact,1,2024-06-09
LD-0071,Qualified Lead,2,2024-09-09
LD-0071,Sales Meeting,3,2024-12-09
LD-0071,Proposal Sent,4,2024-09-17
LD-0071,Deal Closed,5,2024-09-25
LD-0072,Initial Contact,1,2024-07-04
LD-0072,Qualified Lead,2,2024-08-04
LD-0072,Sales Meeting,3,2024-04-16
LD-0072,Proposal Sent,4,2024-04-22
LD-0072,Deal Closed,5,2024-05-05
LD-0073,Initial Contact,1,2024-09-01
LD-0073,Qualified Lead,2,2024-01-14
LD-0073,Sales Meeting,3,2024-01-15
LD-0073,Proposal Sent,4,2024-01-17
LD-0073,Deal Closed,5,2024-01-27
LD-0074,Initial Contact,1,2024-05-08
LD-0074,Qualified Lead,2,2024-09-08
LD-0074,Sales Meeting,3,2024-08-18
LD-0075,Initial Contact,1,2024-01-10
LD-0075,Qualified Lead,2,2024-05-10
LD-0075,Sales Meeting,3,2024-10-16
LD-0076,Initial Contact,1,2024-02-21
LD-0077,Initial Contact,1,2024-05-29
LD-0078,Initial Contact,1,2024-04-04
LD-0079,Initial Contact,1,2024-03-18
LD-0079,Qualified Lead,2,2024-03-19
LD-0079,Sales Meeting,3,2024-03-25
LD-0079,Proposal Sent,4,2024-03-28
LD-0079,Deal Closed,5,2024-05-04
LD-0080,Initial Contact,1,2024-12-11
LD-0080,Qualified Lead,2,2024-11-19
LD-0081,Initial Contact,1,2024-08-11
LD-0082,Initial Contact,1,2024-03-21
LD-0082,Qualified Lead,2,2024-03-22
LD-0082,Sales Meeting,3,2024-03-27
LD-0082,Proposal Sent,4,2024-04-04
LD-0082,Deal Closed,5,2024-12-04
LD-0083,Initial Contact,1,2024-08-20
LD-0083,Qualified Lead,2,2024-08-21
LD-0083,Sales Meeting,3,2024-08-25
LD-0083,Proposal Sent,4,2024-01-09
LD-0083,Deal Closed,5,2024-05-09
LD-0084,Initial Contact,1,2024-02-28
LD-0084,Qualified Lead,2,2024-02-03
LD-0084,Sales Meeting,3,2024-09-03
LD-0085,Initial Contact,1,2024-10-18
LD-0085,Qualified Lead,2,2024-10-25
LD-0086,Initial Contact,1,2024-02-11
LD-0086,Qualified Lead,2,2024-03-11
LD-0086,Sales Meeting,3,2024-10-11
LD-0086,Proposal Sent,4,2024-11-13
LD-0086,Deal Closed,5,2024-11-25
LD-0087,Initial Contact,1,2024-10-21
LD-0088,Initial Contact,1,2024-08-14
LD-0089,Initial Contact,1,2024-09-12
LD-0089,Qualified Lead,2,2024-12-13
LD-0089,Sales Meeting,3,2024-12-23
LD-0089,Proposal Sent,4,2024-12-24
LD-0089,Deal Closed,5,2024-12-30
LD-0090,Initial Contact,1,2024-01-19
LD-0090,Qualified Lead,2,2024-01-21
LD-0091,Initial Contact,1,2024-04-10
LD-0092,Initial Contact,1,2024-08-03
LD-0092,Qualified Lead,2,2024-11-03
LD-0093,Initial Contact,1,2024-09-10
LD-0093,Qualified Lead,2,2024-10-13
LD-0093,Sales Meeting,3,2024-10-28
LD-0093,Proposal Sent,4,2024-05-11
LD-0093,Deal Closed,5,2024-06-11
LD-0094,Initial Contact,1,2024-03-19
LD-0094,Qualified Lead,2,2024-03-21
LD-0094,Sales Meeting,3,2024-02-04
LD-0095,Initial Contact,1,2024-07-15
LD-0095,Qualified Lead,2,2024-07-18
LD-0095,Sales Meeting,3,2024-07-28
LD-0095,Proposal Sent,4,2024-07-30
LD-0095,Deal Closed,5,2024-06-08
LD-0096,Initial Contact,1,2024-06-23
LD-0096,Qualified Lead,2,2024-06-24
LD-0097,Initial Contact,1,2024-03-17
LD-0097,Qualified Lead,2,2024-03-19
LD-0098,Initial Contact,1,2024-02-05
LD-0099,Initial Contact,1,2024-05-12
LD-0099,Qualified Lead,2,2024-06-12
LD-0099,Sales Meeting,3,2024-11-12
LD-0100,Initial Contact,1,2024-08-13
LD-0100,Qualified Lead,2,2024-08-18
LD-0100,Sales Meeting,3,2024-08-19
LD-0100,Proposal Sent,4,2024-08-27
LD-0100,Deal Closed,5,2024-04-09
LD-0101,Initial Contact,1,2024-05-15
LD-0101,Qualified Lead,2,2024-05-16
LD-0101,Sales Meeting,3,2024-05-24
LD-0101,Proposal Sent,4,2024-05-29
LD-0101,Deal Closed,5,2024-02-06
LD-0102,Initial Contact,1,2024-11-06
LD-0102,Qualified Lead,2,2024-06-14
LD-0102,Sales Meeting,3,2024-06-19
LD-0102,Proposal Sent,4,2024-06-24
LD-0103,Initial Contact,1,2024-04-26
LD-0103,Qualified Lead,2,2024-02-05
LD-0104,Initial Contact,1,2024-01-24
LD-0105,Initial Contact,1,2024-03-30
LD-0105,Qualified Lead,2,2024-03-31
LD-0105,Sales Meeting,3,2024-06-04
LD-0105,Proposal Sent,4,2024-12-04
LD-0105,Deal Closed,5,2024-04-21
LD-0106,Initial Contact,1,2024-10-05
LD-0106,Qualified Lead,2,2024-11-05
LD-0106,Sales Meeting,3,2024-05-17
LD-0107,Initial Contact,1,2024-10-27
LD-0107,Qualified Lead,2,2024-10-28
LD-0107,Sales Meeting,3,2024-07-11
LD-0107,Proposal Sent,4,2024-11-13
LD-0107,Deal Closed,5,2024-11-17
LD-0108,Initial Contact,1,2024-02-24
LD-0108,Qualified Lead,2,2024-02-28
LD-0108,Sales Meeting,3,2024-07-03
LD-0108,Proposal Sent,4,2024-03-14
LD-0108,Deal Closed,5,2024-03-25
LD-0109,Initial Contact,1,2024-05-20
LD-0109,Qualified Lead,2,2024-05-21
LD-0109,Sales Meeting,3,2024-05-25
LD-0109,Proposal Sent,4,2024-01-06
LD-0109,Deal Closed,5,2024-12-06
LD-0110,Initial Contact,1,2024-05-26
LD-0111,Initial Contact,1,2024-12-14
LD-0111,Qualified Lead,2,2024-12-17
LD-0111,Sales Meeting,3,2024-12-29
LD-0112,Initial Contact,1,2024-02-16
LD-0112,Qualified Lead,2,2024-02-20
LD-0113,Initial Contact,1,2024-05-19
LD-0114,Initial Contact,1,2024-08-02
LD-0114,Qualified Lead,2,2024-02-13
LD-0114,Sales Meeting,3,2024-02-23
LD-0114,Proposal Sent,4,2024-01-03
LD-0114,Deal Closed,5,2024-03-15
LD-0115,Initial Contact,1,2024-06-07
LD-0115,Qualified Lead,2,2024-09-07
LD-0115,Sales Meeting,3,2024-07-18
LD-0115,Proposal Sent,4,2024-07-22
LD-0115,Deal Closed,5,2024-07-31
LD-0116,Initial Contact,1,2024-07-14
LD-0116,Qualified Lead,2,2024-07-16
LD-0116,Sales Meeting,3,2024-07-23
LD-0116,Proposal Sent,4,2024-07-29
LD-0116,Deal Closed,5,2024-01-08
LD-0117,Initial Contact,1,2024-04-23
LD-0117,Qualified Lead,2,2024-04-30
LD-0117,Sales Meeting,3,2024-02-05
LD-0118,Initial Contact,1,2024-09-09
LD-0118,Qualified Lead,2,2024-09-14
LD-0118,Sales Meeting,3,2024-09-24
LD-0118,Proposal Sent,4,2024-09-30
LD-0118,Deal Closed,5,2024-11-10
LD-0119,Initial Contact,1,2024-03-10
LD-0119,Qualified Lead,2,2024-05-10
LD-0119,Sales Meeting,3,2024-08-10
LD-0120,Initial Contact,1,2024-01-17
LD-0121,Initial Contact,1,2024-11-26
LD-0121,Qualified Lead,2,2024-11-30
LD-0121,Sales Meeting,3,2024-06-12
LD-0121,Proposal Sent,4,2024-08-12
LD-0121,Deal Closed,5,2024-12-14
LD-0122,Initial Contact,1,2024-11-24
LD-0122,Qualified Lead,2,2024-11-27
LD-0122,Sales Meeting,3,2024-01-12
LD-0122,Proposal Sent,4,2024-03-12
LD-0122,Deal Closed,5,2024-12-12
LD-0123,Initial Contact,1,2024-10-10
LD-0124,Initial Contact,1,2024-03-15
LD-0124,Qualified Lead,2,2024-03-16
LD-0125,Initial Contact,1,2024-10-28
LD-0126,Initial Contact,1,2024-09-19
LD-0126,Qualified Lead,2,2024-09-20
LD-0127,Initial Contact,1,2024-11-25
LD-0128,Initial Contact,1,2024-11-02
LD-0129,Initial Contact,1,2024-05-30
LD-0129,Qualified Lead,2,2024-02-06
LD-0129,Sales Meeting,3,2024-06-14
LD-0130,Initial Contact,1,2024-04-20
LD-0130,Qualified Lead,2,2024-04-22
LD-0130,Sales Meeting,3,2024-04-28
LD-0130,Proposal Sent,4,2024-04-29
LD-0131,Initial Contact,1,2024-10-05
LD-0132,Initial Contact,1,2024-07-03
LD-0132,Qualified Lead,2,2024-10-03
LD-0132,Sales Meeting,3,2024-03-13
LD-0133,Initial Contact,1,2024-01-27
LD-0133,Qualified Lead,2,2024-02-02
LD-0133,Sales Meeting,3,2024-08-02
LD-0134,Initial Contact,1,2024-11-10
LD-0134,Qualified Lead,2,2024-10-15
LD-0134,Sales Meeting,3,2024-10-20
LD-0134,Proposal Sent,4,2024-10-25
LD-0135,Initial Contact,1,2024-11-25
LD-0135,Qualified Lead,2,2024-11-28
LD-0135,Sales Meeting,3,2024-01-12
LD-0136,Initial Contact,1,2024-06-28
LD-0136,Qualified Lead,2,2024-01-07
LD-0136,Sales Meeting,3,2024-07-13
LD-0136,Proposal Sent,4,2024-07-20
LD-0136,Deal Closed,5,2024-07-08
LD-0137,Initial Contact,1,2024-09-28
LD-0137,Qualified Lead,2,2024-09-29
LD-0138,Initial Contact,1,2024-01-27
LD-0138,Qualified Lead,2,2024-01-30
LD-0138,Sales Meeting,3,2024-02-14
LD-0138,Proposal Sent,4,2024-02-16
LD-0139,Initial Contact,1,2024-04-20
LD-0140,Initial Contact,1,2024-07-21
LD-0141,Initial Contact,1,2024-11-09
LD-0142,Initial Contact,1,2024-01-22
LD-0142,Qualified Lead,2,2024-01-23
LD-0143,Initial Contact,1,2024-07-26
LD-0143,Qualified Lead,2,2024-07-29
LD-0143,Sales Meeting,3,2024-12-08
LD-0143,Proposal Sent,4,2024-08-19
LD-0143,Deal Closed,5,2024-08-24
LD-0144,Initial Contact,1,2024-02-24
LD-0144,Qualified Lead,2,2024-02-25
LD-0144,Sales Meeting,3,2024-04-03
LD-0144,Proposal Sent,4,2024-05-03
LD-0144,Deal Closed,5,2024-03-22
LD-0145,Initial Contact,1,2024-03-27
LD-0145,Qualified Lead,2,2024-01-04
LD-0145,Sales Meeting,3,2024-06-04
LD-0145,Proposal Sent,4,2024-07-04
LD-0145,Deal Closed,5,2024-04-21
LD-0146,Initial Contact,1,2024-11-26
LD-0147,Initial Contact,1,2024-11-17
LD-0147,Qualified Lead,2,2024-11-22
LD-0147,Sales Meeting,3,2024-11-23
LD-0147,Proposal Sent,4,2024-11-26
LD-0148,Initial Contact,1,2024-11-17
LD-0148,Qualified Lead,2,2024-11-20
LD-0149,Initial Contact,1,2024-08-24
LD-0150,Initial Contact,1,2024-08-24
LD-0150,Qualified Lead,2,2024-08-25
LD-0150,Sales Meeting,3,2024-08-31
LD-0150,Proposal Sent,4,2024-05-09
LD-0150,Deal Closed,5,2024-09-15
LD-0151,Initial Contact,1,2024-09-13
LD-0152,Initial Contact,1,2024-06-05
LD-0152,Qualified Lead,2,2024-07-05
LD-0152,Sales Meeting,3,2024-08-05
LD-0152,Proposal Sent,4,2024-05-16
LD-0152,Deal Closed,5,2024-05-25
LD-0153,Initial Contact,1,2024-12-13
LD-0153,Qualified Lead,2,2024-12-14
LD-0153,Sales Meeting,3,2024-12-27
LD-0153,Proposal Sent,4,2025-01-01
LD-0154,Initial Contact,1,2024-02-12
LD-0154,Qualified Lead,2,2024-05-12
LD-0154,Sales Meeting,3,2024-12-20
LD-0155,Initial Contact,1,2024-05-12
LD-0155,Qualified Lead,2,2024-07-12
LD-0155,Sales Meeting,3,2024-12-17
LD-0155,Proposal Sent,4,2024-12-23
LD-0155,Deal Closed,5,2025-06-01
LD-0156,Initial Contact,1,2024-09-12
LD-0156,Qualified Lead,2,2024-10-12
LD-0156,Sales Meeting,3,2024-12-19
LD-0156,Proposal Sent,4,2024-12-27
LD-0156,Deal Closed,5,2024-12-28
LD-0157,Initial Contact,1,2024-07-06
LD-0157,Qualified Lead,2,2024-08-06
LD-0157,Sales Meeting,3,2024-09-06
LD-0157,Proposal Sent,4,2024-06-13
LD-0157,Deal Closed,5,2024-06-24
LD-0158,Initial Contact,1,2024-02-21
LD-0158,Qualified Lead,2,2024-02-27
LD-0159,Initial Contact,1,2024-03-19
LD-0159,Qualified Lead,2,2024-03-25
LD-0159,Sales Meeting,3,2024-03-26
LD-0159,Proposal Sent,4,2024-03-27
LD-0159,Deal Closed,5,2024-03-04
LD-0160,Initial Contact,1,2024-12-12
LD-0160,Qualified Lead,2,2024-12-15
LD-0160,Sales Meeting,3,2024-12-21
LD-0160,Proposal Sent,4,2024-12-22
LD-0160,Deal Closed,5,2024-12-29
LD-0161,Initial Contact,1,2024-08-28
LD-0162,Initial Contact,1,2024-02-08
LD-0162,Qualified Lead,2,2024-06-08
LD-0162,Sales Meeting,3,2024-08-14
LD-0162,Proposal Sent,4,2024-08-16
LD-0163,Initial Contact,1,2024-02-22
LD-0163,Qualified Lead,2,2024-02-23
LD-0164,Initial Contact,1,2024-02-16
LD-0165,Initial Contact,1,2024-11-02
LD-0166,Initial Contact,1,2024-08-29
LD-0167,Initial Contact,1,2024-07-10
LD-0167,Qualified Lead,2,2024-08-10
LD-0167,Sales Meeting,3,2024-11-10
LD-0168,Initial Contact,1,2024-11-14
LD-0169,Initial Contact,1,2024-07-08
LD-0169,Qualified Lead,2,2024-08-08
LD-0169,Sales Meeting,3,2024-10-08
LD-0169,Proposal Sent,4,2024-08-20
LD-0169,Deal Closed,5,2024-08-28
LD-0170,Initial Contact,1,2024-09-26
LD-0170,Qualified Lead,2,2024-09-27
LD-0170,Sales Meeting,3,2024-04-10
LD-0170,Proposal Sent,4,2024-08-10
LD-0171,Initial Contact,1,2024-09-01
LD-0171,Qualified Lead,2,2024-01-13
LD-0171,Sales Meeting,3,2024-01-23
LD-0171,Proposal Sent,4,2024-01-26
LD-0171,Deal Closed,5,2024-01-31
LD-0172,Initial Contact,1,2024-09-03
LD-0172,Qualified Lead,2,2024-11-03
LD-0172,Sales Meeting,3,2024-12-03
LD-0172,Proposal Sent,4,2024-03-13
LD-0172,Deal Closed,5,2024-03-27
LD-0173,Initial Contact,1,2024-11-19
LD-0173,Qualified Lead,2,2024-11-25
LD-0173,Sales Meeting,3,2024-01-12
LD-0173,Proposal Sent,4,2024-07-12
LD-0173,Deal Closed,5,2024-12-16
LD-0174,Initial Contact,1,2024-01-22
LD-0174,Qualified Lead,2,2024-01-31
LD-0175,Initial Contact,1,2024-01-25
LD-0175,Qualified Lead,2,2024-01-27
LD-0176,Initial Contact,1,2024-05-04
LD-0176,Qualified Lead,2,2024-06-04
LD-0177,Initial Contact,1,2024-02-04
LD-0177,Qualified Lead,2,2024-03-04
LD-0178,Initial Contact,1,2024-06-28
LD-0178,Qualified Lead,2,2024-06-29
LD-0178,Sales Meeting,3,2024-01-07
LD-0179,Initial Contact,1,2024-09-12
LD-0179,Qualified Lead,2,2024-12-13
LD-0180,Initial Contact,1,2024-01-18
LD-0180,Qualified Lead,2,2024-01-23
LD-0180,Sales Meeting,3,2024-01-30
LD-0180,Proposal Sent,4,2024-01-02
LD-0180,Deal Closed,5,2024-02-16
LD-0181,Initial Contact,1,2024-08-18
LD-0181,Qualified Lead,2,2024-08-22
LD-0182,Initial Contact,1,2024-02-28
LD-0182,Qualified Lead,2,2024-01-03
LD-0182,Sales Meeting,3,2024-04-03
LD-0182,Proposal Sent,4,2024-05-03
LD-0182,Deal Closed,5,2024-03-17
LD-0183,Initial Contact,1,2024-04-19
LD-0184,Initial Contact,1,2024-08-15
LD-0184,Qualified Lead,2,2024-08-16
LD-0184,Sales Meeting,3,2024-08-25
LD-0184,Proposal Sent,4,2024-08-28
LD-0185,Initial Contact,1,2024-02-06
LD-0185,Qualified Lead,2,2024-03-06
LD-0185,Sales Meeting,3,2024-06-06
LD-0186,Initial Contact,1,2024-12-03
LD-0186,Qualified Lead,2,2024-03-13
LD-0186,Sales Meeting,3,2024-03-21
LD-0186,Proposal Sent,4,2024-03-25
LD-0186,Deal Closed,5,2024-03-31
LD-0187,Initial Contact,1,2024-02-14
LD-0187,Qualified Lead,2,2024-02-15
LD-0187,Sales Meeting,3,2024-02-19
LD-0187,Proposal Sent,4,2024-02-26
LD-0187,Deal Closed,5,2024-07-03
LD-0188,Initial Contact,1,2024-05-03
LD-0188,Qualified Lead,2,2024-06-03
LD-0188,Sales Meeting,3,2024-03-13
LD-0189,Initial Contact,1,2024-03-04
LD-0190,Initial Contact,1,2024-12-29
LD-0190,Qualified Lead,2,2025-02-01
LD-0190,Sales Meeting,3,2025-06-01
LD-0190,Proposal Sent,4,2025-12-01
LD-0190,Deal Closed,5,2025-01-16
LD-0191,Initial Contact,1,2024-05-20
LD-0191,Qualified Lead,2,2024-05-21
LD-0191,Sales Meeting,3,2024-05-22
LD-0191,Proposal Sent,4,2024-05-27
LD-0191,Deal Closed,5,2024-05-06
LD-0192,Initial Contact,1,2024-03-12
LD-0192,Qualified Lead,2,2024-04-12
LD-0192,Sales Meeting,3,2024-12-13
LD-0192,Proposal Sent,4,2024-12-14
LD-0192,Deal Closed,5,2024-12-21
LD-0193,Initial Contact,1,2024-10-22
LD-0193,Qualified Lead,2,2024-10-23
LD-0193,Sales Meeting,3,2024-10-27
LD-0193,Proposal Sent,4,2024-01-11
LD-0193,Deal Closed,5,2024-04-11
LD-0194,Initial Contact,1,2024-11-24
LD-0194,Qualified Lead,2,2024-11-26
LD-0195,Initial Contact,1,2024-04-09
LD-0195,Qualified Lead,2,2024-05-09
LD-0196,Initial Contact,1,2024-08-07
LD-0197,Initial Contact,1,2024-11-11
LD-0197,Qualified Lead,2,2024-11-15
LD-0197,Sales Meeting,3,2024-11-27
LD-0197,Proposal Sent,4,2024-11-28
LD-0197,Deal Closed,5,2024-02-12
LD-0198,Initial Contact,1,2024-09-20
LD-0198,Qualified Lead,2,2024-09-24
LD-0198,Sales Meeting,3,2024-09-30
LD-0198,Proposal Sent,4,2024-06-10
LD-0199,Initial Contact,1,2024-01-25
LD-0199,Qualified Lead,2,2024-01-28
LD-0199,Sales Meeting,3,2024-03-02
LD-0199,Proposal Sent,4,2024-11-02
LD-0199,Deal Closed,5,2024-02-20
LD-0200,Initial Contact,1,2024-08-08
LD-0200,Qualified Lead,2,2024-11-08
LD-0200,Sales Meeting,3,2024-08-16
LD-0200,Proposal Sent,4,2024-08-19
LD-0200,Deal Closed,5,2024-08-24
LD-0201,Initial Contact,1,2024-04-07
LD-0202,Initial Contact,1,2024-02-19
LD-0202,Qualified Lead,2,2024-02-21
LD-0202,Sales Meeting,3,2024-02-29
LD-0202,Proposal Sent,4,2024-11-03
LD-0203,Initial Contact,1,2024-01-24
LD-0203,Qualified Lead,2,2024-01-26
LD-0203,Sales Meeting,3,2024-06-02
LD-0203,Proposal Sent,4,2024-09-02
LD-0203,Deal Closed,5,2024-10-02
LD-0204,Initial Contact,1,2024-09-11
LD-0204,Qualified Lead,2,2024-10-11
LD-0204,Sales Meeting,3,2024-11-11
LD-0204,Proposal Sent,4,2024-11-14
LD-0204,Deal Closed,5,2024-11-22
LD-0205,Initial Contact,1,2024-07-09
LD-0206,Initial Contact,1,2024-12-18
LD-0206,Qualified Lead,2,2024-12-21
LD-0206,Sales Meeting,3,2024-12-27
LD-0207,Initial Contact,1,2024-02-09
LD-0207,Qualified Lead,2,2024-03-09
LD-0207,Sales Meeting,3,2024-10-09
LD-0207,Proposal Sent,4,2024-09-17
LD-0207,Deal Closed,5,2024-09-18
LD-0208,Initial Contact,1,2024-12-24
LD-0209,Initial Contact,1,2024-01-02
LD-0209,Qualified Lead,2,2024-04-02
LD-0210,Initial Contact,1,2024-09-29
LD-0210,Qualified Lead,2,2024-03-10
LD-0210,Sales Meeting,3,2024-10-19
LD-0210,Proposal Sent,4,2024-10-24
LD-0210,Deal Closed,5,2024-02-11
LD-0211,Initial Contact,1,2024-08-04
LD-0212,Initial Contact,1,2024-07-09
LD-0212,Qualified Lead,2,2024-08-09
LD-0213,Initial Contact,1,2024-07-21
LD-0213,Qualified Lead,2,2024-07-22
LD-0213,Sales Meeting,3,2024-07-29
LD-0213,Proposal Sent,4,2024-01-08
LD-0213,Deal Closed,5,2024-11-08
LD-0214,Initial Contact,1,2024-11-05
LD-0215,Initial Contact,1,2024-02-05
LD-0215,Qualified Lead,2,2024-07-05
LD-0215,Sales Meeting,3,2024-11-05
LD-0216,Initial Contact,1,2024-11-03
LD-0216,Qualified Lead,2,2024-12-03
LD-0216,Sales Meeting,3,2024-03-17
LD-0216,Proposal Sent,4,2024-03-23
LD-0216,Deal Closed,5,2024-03-04
LD-0217,Initial Contact,1,2024-12-04
LD-0218,Initial Contact,1,2024-01-20
LD-0219,Initial Contact,1,2024-05-28
LD-0220,Initial Contact,1,2024-09-09
LD-0221,Initial Contact,1,2024-05-04
LD-0221,Qualified Lead,2,2024-11-04
LD-0221,Sales Meeting,3,2024-04-14
LD-0221,Proposal Sent,4,2024-04-15
LD-0221,Deal Closed,5,2024-04-16
LD-0222,Initial Contact,1,2024-07-26
LD-0222,Qualified Lead,2,2024-07-31
LD-0223,Initial Contact,1,2024-05-13
LD-0223,Qualified Lead,2,2024-05-15
LD-0223,Sales Meeting,3,2024-05-23
LD-0223,Proposal Sent,4,2024-05-24
LD-0223,Deal Closed,5,2024-06-13
LD-0224,Initial Contact,1,2024-03-07
LD-0225,Initial Contact,1,2024-08-06
LD-0225,Qualified Lead,2,2024-11-06
LD-0225,Sales Meeting,3,2024-06-20
LD-0226,Initial Contact,1,2024-06-11
LD-0226,Qualified Lead,2,2024-09-11
LD-0226,Sales Meeting,3,2024-12-11
LD-0227,Initial Contact,1,2024-01-11
LD-0228,Initial Contact,1,2024-09-15
LD-0228,Qualified Lead,2,2024-09-20
LD-0228,Sales Meeting,3,2024-03-10
LD-0228,Proposal Sent,4,2024-06-10
LD-0228,Deal Closed,5,2024-09-10
LD-0229,Initial Contact,1,2024-07-09
LD-0229,Qualified Lead,2,2024-09-09
LD-0229,Sales Meeting,3,2024-09-16
LD-0229,Proposal Sent,4,2024-09-24
LD-0229,Deal Closed,5,2024-09-25
LD-0230,Initial Contact,1,2024-08-24
LD-0230,Qualified Lead,2,2024-08-30
LD-0231,Initial Contact,1,2024-12-24
LD-0231,Qualified Lead,2,2024-12-26
LD-0231,Sales Meeting,3,2024-12-28
LD-0231,Proposal Sent,4,2024-12-29
LD-0231,Deal Closed,5,2025-10-01
LD-0232,Initial Contact,1,2024-10-03
LD-0232,Qualified Lead,2,2024-03-13
LD-0232,Sales Meeting,3,2024-03-14
LD-0232,Proposal Sent,4,2024-03-15
LD-0232,Deal Closed,5,2024-03-21
LD-0233,Initial Contact,1,2024-11-07
LD-0233,Qualified Lead,2,2024-07-17
LD-0233,Sales Meeting,3,2024-07-22
LD-0233,Proposal Sent,4,2024-07-23
LD-0233,Deal Closed,5,2024-07-29
LD-0234,Initial Contact,1,2024-07-20
LD-0234,Qualified Lead,2,2024-07-22
LD-0234,Sales Meeting,3,2024-07-23
LD-0234,Proposal Sent,4,2024-07-27
LD-0234,Deal Closed,5,2024-02-08
LD-0235,Initial Contact,1,2024-05-10
LD-0235,Qualified Lead,2,2024-09-10
LD-0236,Initial Contact,1,2024-01-17
LD-0236,Qualified Lead,2,2024-01-22
LD-0237,Initial Contact,1,2024-02-11
LD-0237,Qualified Lead,2,2024-03-11
LD-0237,Sales Meeting,3,2024-11-20
LD-0237,Proposal Sent,4,2024-11-25
LD-0238,Initial Contact,1,2024-12-03
LD-0239,Initial Contact,1,2024-03-06
LD-0239,Qualified Lead,2,2024-06-06
LD-0239,Sales Meeting,3,2024-12-06
LD-0239,Proposal Sent,4,2024-06-15
LD-0239,Deal Closed,5,2024-06-20
LD-0240,Initial Contact,1,2024-03-30
LD-0240,Qualified Lead,2,2024-01-04
LD-0241,Initial Contact,1,2024-01-08
LD-0242,Initial Contact,1,2024-08-25
LD-0242,Qualified Lead,2,2024-08-28
LD-0242,Sales Meeting,3,2024-02-09
LD-0243,Initial Contact,1,2024-08-18
LD-0244,Initial Contact,1,2024-06-04
LD-0244,Qualified Lead,2,2024-11-04
LD-0244,Sales Meeting,3,2024-04-22
LD-0245,Initial Contact,1,2024-04-18
LD-0245,Qualified Lead,2,2024-04-20
LD-0245,Sales Meeting,3,2024-04-25
LD-0245,Proposal Sent,4,2024-04-26
LD-0245,Deal Closed,5,2024-04-30
LD-0246,Initial Contact,1,2024-02-05
LD-0246,Qualified Lead,2,2024-03-05
LD-0246,Sales Meeting,3,2024-05-17
LD-0246,Proposal Sent,4,2024-05-24
LD-0247,Initial Contact,1,2024-02-20
LD-0247,Qualified Lead,2,2024-02-24
LD-0247,Sales Meeting,3,2024-02-26
LD-0248,Initial Contact,1,2024-03-15
LD-0248,Qualified Lead,2,2024-03-18
LD-0248,Sales Meeting,3,2024-03-20
LD-0248,Proposal Sent,4,2024-03-27
LD-0248,Deal Closed,5,2024-02-04
LD-0249,Initial Contact,1,2024-10-18
LD-0249,Qualified Lead,2,2024-10-20
LD-0250,Initial Contact,1,2024-08-09
LD-0250,Qualified Lead,2,2024-11-09
LD-0250,Sales Meeting,3,2024-09-16
LD-0251,Initial Contact,1,2024-01-31
LD-0251,Qualified Lead,2,2024-01-02
LD-0251,Sales Meeting,3,2024-10-02
LD-0251,Proposal Sent,4,2024-02-16
LD-0252,Initial Contact,1,2024-04-02
LD-0253,Initial Contact,1,2024-06-09
LD-0253,Qualified Lead,2,2024-07-09
LD-0253,Sales Meeting,3,2024-09-17
LD-0253,Proposal Sent,4,2024-09-21
LD-0253,Deal Closed,5,2024-09-26
LD-0254,Initial Contact,1,2024-09-14
LD-0254,Qualified Lead,2,2024-09-19
LD-0254,Sales Meeting,3,2024-09-23
LD-0255,Initial Contact,1,2024-09-26
LD-0255,Qualified Lead,2,2024-09-27
LD-0256,Initial Contact,1,2024-02-06
LD-0256,Qualified Lead,2,2024-03-06
LD-0256,Sales Meeting,3,2024-06-17
LD-0256,Proposal Sent,4,2024-06-18
LD-0257,Initial Contact,1,2024-01-29
LD-0257,Qualified Lead,2,2024-01-02
LD-0257,Sales Meeting,3,2024-07-02
LD-0258,Initial Contact,1,2024-09-27
LD-0259,Initial Contact,1,2024-05-23
LD-0259,Qualified Lead,2,2024-05-25
LD-0259,Sales Meeting,3,2024-05-06
LD-0260,Initial Contact,1,2024-12-30
LD-0260,Qualified Lead,2,2025-02-01
LD-0260,Sales Meeting,3,2025-07-01
LD-0260,Proposal Sent,4,2025-11-01
LD-0260,Deal Closed,5,2025-01-20
LD-0261,Initial Contact,1,2024-07-15
LD-0262,Initial Contact,1,2024-08-02
LD-0262,Qualified Lead,2,2024-09-02
LD-0262,Sales Meeting,3,2024-02-18
LD-0262,Proposal Sent,4,2024-02-23
LD-0263,Initial Contact,1,2024-08-09
LD-0263,Qualified Lead,2,2024-11-09
LD-0263,Sales Meeting,3,2024-09-19
LD-0264,Initial Contact,1,2024-06-05
LD-0265,Initial Contact,1,2024-03-01
LD-0265,Qualified Lead,2,2024-06-01
LD-0266,Initial Contact,1,2024-02-22
LD-0266,Qualified Lead,2,2024-02-25
LD-0266,Sales Meeting,3,2024-02-26
LD-0266,Proposal Sent,4,2024-05-03
LD-0266,Deal Closed,5,2024-03-15
LD-0267,Initial Contact,1,2024-07-17
LD-0267,Qualified Lead,2,2024-07-20
LD-0267,Sales Meeting,3,2024-07-30
LD-0268,Initial Contact,1,2024-05-17
LD-0268,Qualified Lead,2,2024-05-22
LD-0268,Sales Meeting,3,2024-05-23
LD-0268,Proposal Sent,4,2024-05-24
LD-0268,Deal Closed,5,2024-05-28
LD-0269,Initial Contact,1,2024-08-05
LD-0269,Qualified Lead,2,2024-11-05
LD-0269,Sales Meeting,3,2024-05-20
LD-0270,Initial Contact,1,2024-11-13
LD-0270,Qualified Lead,2,2024-11-16
LD-0270,Sales Meeting,3,2024-11-19
LD-0270,Proposal Sent,4,2024-11-22
LD-0271,Initial Contact,1,2024-04-11
LD-0272,Initial Contact,1,2024-10-21
LD-0272,Qualified Lead,2,2024-10-22
LD-0273,Initial Contact,1,2024-02-04
LD-0273,Qualified Lead,2,2024-07-04
LD-0273,Sales Meeting,3,2024-10-04
LD-0274,Initial Contact,1,2024-07-28
LD-0275,Initial Contact,1,2024-02-11
LD-0275,Qualified Lead,2,2024-05-11
LD-0276,Initial Contact,1,2024-01-10
LD-0276,Qualified Lead,2,2024-05-10
LD-0276,Sales Meeting,3,2024-09-10
LD-0276,Proposal Sent,4,2024-10-14
LD-0276,Deal Closed,5,2024-03-11
LD-0277,Initial Contact,1,2024-11-26
LD-0277,Qualified Lead,2,2024-11-28
LD-0278,Initial Contact,1,2024-09-22
LD-0278,Qualified Lead,2,2024-09-23
LD-0278,Sales Meeting,3,2024-09-29
LD-0279,Initial Contact,1,2024-01-13
LD-0280,Initial Contact,1,2024-04-15
LD-0280,Qualified Lead,2,2024-04-21
LD-0281,Initial Contact,1,2024-12-01
LD-0281,Qualified Lead,2,2024-01-13
LD-0281,Sales Meeting,3,2024-01-22
LD-0282,Initial Contact,1,2024-10-13
LD-0282,Qualified Lead,2,2024-10-17
LD-0283,Initial Contact,1,2024-11-04
LD-0283,Qualified Lead,2,2024-12-04
LD-0284,Initial Contact,1,2024-01-10
LD-0284,Qualified Lead,2,2024-03-10
LD-0284,Sales Meeting,3,2024-12-10
LD-0284,Proposal Sent,4,2024-10-17
LD-0284,Deal Closed,5,2024-10-18
LD-0285,Initial Contact,1,2024-01-11
LD-0285,Qualified Lead,2,2024-04-11
LD-0286,Initial Contact,1,2024-10-11
LD-0286,Qualified Lead,2,2024-11-14
LD-0286,Sales Meeting,3,2024-11-25
LD-0287,Initial Contact,1,2024-01-11
LD-0287,Qualified Lead,2,2024-04-11
LD-0287,Sales Meeting,3,2024-10-11
LD-0287,Proposal Sent,4,2024-11-11
LD-0287,Deal Closed,5,2024-11-21
LD-0288,Initial Contact,1,2024-11-10
LD-0288,Qualified Lead,2,2024-10-14
LD-0288,Sales Meeting,3,2024-10-22
LD-0288,Proposal Sent,4,2024-10-23
LD-0288,Deal Closed,5,2024-10-25
LD-0289,Initial Contact,1,2024-05-09
LD-0289,Qualified Lead,2,2024-10-09
LD-0289,Sales Meeting,3,2024-09-16
LD-0289,Proposal Sent,4,2024-09-23
LD-0289,Deal Closed,5,2024-01-10
LD-0290,Initial Contact,1,2024-08-15
LD-0291,Initial Contact,1,2024-08-22
LD-0291,Qualified Lead,2,2024-08-26
LD-0291,Sales Meeting,3,2024-08-30
LD-0291,Proposal Sent,4,2024-04-09
LD-0292,Initial Contact,1,2024-04-10
LD-0293,Initial Contact,1,2024-01-06
LD-0294,Initial Contact,1,2024-04-17
LD-0294,Qualified Lead,2,2024-04-20
LD-0294,Sales Meeting,3,2024-04-25
LD-0295,Initial Contact,1,2024-04-15
LD-0295,Qualified Lead,2,2024-04-16
LD-0295,Sales Meeting,3,2024-04-22
LD-0296,Initial Contact,1,2024-09-20
LD-0296,Qualified Lead,2,2024-09-25
LD-0296,Sales Meeting,3,2024-02-10
LD-0297,Initial Contact,1,2024-05-03
LD-0298,Initial Contact,1,2024-11-19
LD-0298,Qualified Lead,2,2024-11-22
LD-0299,Initial Contact,1,2024-07-07
LD-0299,Qualified Lead,2,2024-10-07
LD-0300,Initial Contact,1,2024-12-23
LD-0301,Initial Contact,1,2024-06-21
LD-0302,Initial Contact,1,2024-08-23
LD-0302,Qualified Lead,2,2024-08-30
LD-0302,Sales Meeting,3,2024-04-09
LD-0302,Proposal Sent,4,2024-07-09
LD-0302,Deal Closed,5,2024-09-22
LD-0303,Initial Contact,1,2024-08-03
LD-0303,Qualified Lead,2,2024-03-14
LD-0304,Initial Contact,1,2024-11-28
LD-0304,Qualified Lead,2,2024-11-30
LD-0304,Sales Meeting,3,2024-05-12
LD-0304,Proposal Sent,4,2024-06-12
LD-0304,Deal Closed,5,2024-09-12
LD-0305,Initial Contact,1,2024-01-01
LD-0305,Qualified Lead,2,2024-02-01
LD-0305,Sales Meeting,3,2024-05-01
LD-0305,Proposal Sent,4,2024-09-01
LD-0305,Deal Closed,5,2024-01-18
LD-0306,Initial Contact,1,2024-02-03
LD-0306,Qualified Lead,2,2024-08-03
LD-0307,Initial Contact,1,2024-02-06
LD-0307,Qualified Lead,2,2024-06-06
LD-0307,Sales Meeting,3,2024-12-06
LD-0307,Proposal Sent,4,2024-06-16
LD-0308,Initial Contact,1,2024-11-28
LD-0308,Qualified Lead,2,2024-11-29
LD-0309,Initial Contact,1,2024-02-21
LD-0310,Initial Contact,1,2024-07-05
LD-0310,Qualified Lead,2,2024-10-05
LD-0310,Sales Meeting,3,2024-05-18
LD-0311,Initial Contact,1,2024-09-22
LD-0312,Initial Contact,1,2024-03-05
LD-0312,Qualified Lead,2,2024-04-05
LD-0312,Sales Meeting,3,2024-08-05
LD-0313,Initial Contact,1,2024-10-18
LD-0313,Qualified Lead,2,2024-10-19
LD-0314,Initial Contact,1,2024-04-20
LD-0314,Qualified Lead,2,2024-04-25
LD-0314,Sales Meeting,3,2024-04-29
LD-0314,Proposal Sent,4,2024-01-05
LD-0314,Deal Closed,5,2024-11-05
LD-0315,Initial Contact,1,2024-12-25
LD-0315,Qualified Lead,2,2024-12-26
LD-0315,Sales Meeting,3,2025-04-01
LD-0316,Initial Contact,1,2024-03-20
LD-0316,Qualified Lead,2,2024-03-21
LD-0317,Initial Contact,1,2024-02-05
LD-0317,Qualified Lead,2,2024-08-05
LD-0317,Sales Meeting,3,2024-12-05
LD-0317,Proposal Sent,4,2024-05-15
LD-0317,Deal Closed,5,2024-05-24
LD-0318,Initial Contact,1,2024-03-30
LD-0318,Qualified Lead,2,2024-02-04
LD-0318,Sales Meeting,3,2024-11-04
LD-0318,Proposal Sent,4,2024-04-22
LD-0318,Deal Closed,5,2024-04-29
LD-0319,Initial Contact,1,2024-12-05
LD-0319,Qualified Lead,2,2024-05-13
LD-0319,Sales Meeting,3,2024-05-14
LD-0319,Proposal Sent,4,2024-05-16
LD-0319,Deal Closed,5,2024-05-23
LD-0320,Initial Contact,1,2024-07-08
LD-0320,Qualified Lead,2,2024-08-13
LD-0320,Sales Meeting,3,2024-08-17
LD-0320,Proposal Sent,4,2024-08-22
LD-0320,Deal Closed,5,2024-08-29
LD-0321,Initial Contact,1,2024-12-09
LD-0322,Initial Contact,1,2024-02-01
LD-0322,Qualified Lead,2,2024-10-01
LD-0322,Sales Meeting,3,2024-01-14
LD-0322,Proposal Sent,4,2024-01-17
LD-0322,Deal Closed,5,2024-01-30
LD-0323,Initial Contact,1,2024-01-19
LD-0323,Qualified Lead,2,2024-01-23
LD-0323,Sales Meeting,3,2024-06-02
LD-0323,Proposal Sent,4,2024-12-02
LD-0323,Deal Closed,5,2024-02-18
LD-0324,Initial Contact,1,2024-09-02
LD-0325,Initial Contact,1,2024-08-26
LD-0325,Qualified Lead,2,2024-08-31
LD-0325,Sales Meeting,3,2024-10-09
LD-0325,Proposal Sent,4,2024-09-16
LD-0326,Initial Contact,1,2024-11-14
LD-0326,Qualified Lead,2,2024-11-19
LD-0327,Initial Contact,1,2024-03-18
LD-0327,Qualified Lead,2,2024-03-22
LD-0327,Sales Meeting,3,2024-03-28
LD-0327,Proposal Sent,4,2024-02-04
LD-0327,Deal Closed,5,2024-04-16
LD-0328,Initial Contact,1,2024-01-01
LD-0328,Qualified Lead,2,2024-02-01
LD-0329,Initial Contact,1,2024-03-13
LD-0330,Initial Contact,1,2024-02-13
LD-0330,Qualified Lead,2,2024-02-16
LD-0331,Initial Contact,1,2024-05-29
LD-0331,Qualified Lead,2,2024-01-06
LD-0331,Sales Meeting,3,2024-08-06
LD-0331,Proposal Sent,4,2024-09-06
LD-0331,Deal Closed,5,2024-06-20
LD-0332,Initial Contact,1,2024-08-02
LD-0333,Initial Contact,1,2024-02-07
LD-0334,Initial Contact,1,2024-12-22
LD-0335,Initial Contact,1,2024-02-06
LD-0335,Qualified Lead,2,2024-05-06
LD-0335,Sales Meeting,3,2024-12-06
LD-0335,Proposal Sent,4,2024-06-21
LD-0335,Deal Closed,5,2024-06-28
LD-0336,Initial Contact,1,2024-12-03
LD-0336,Qualified Lead,2,2024-03-15
LD-0336,Sales Meeting,3,2024-03-24
LD-0336,Proposal Sent,4,2024-03-29
LD-0336,Deal Closed,5,2024-03-04
LD-0337,Initial Contact,1,2024-11-26
LD-0337,Qualified Lead,2,2024-11-29
LD-0337,Sales Meeting,3,2024-10-12
LD-0337,Proposal Sent,4,2024-11-12
LD-0337,Deal Closed,5,2024-12-19
LD-0338,Initial Contact,1,2024-06-03
LD-0338,Qualified Lead,2,2024-07-03
LD-0338,Sales Meeting,3,2024-03-18
LD-0338,Proposal Sent,4,2024-03-19
LD-0338,Deal Closed,5,2024-03-24
LD-0339,Initial Contact,1,2024-09-08
LD-0339,Qualified Lead,2,2024-12-08
LD-0340,Initial Contact,1,2024-03-17
LD-0340,Qualified Lead,2,2024-03-19
LD-0340,Sales Meeting,3,2024-03-23
LD-0340,Proposal Sent,4,2024-02-04
LD-0340,Deal Closed,5,2024-03-04
LD-0341,Initial Contact,1,2024-05-23
LD-0341,Qualified Lead,2,2024-05-24
LD-0342,Initial Contact,1,2024-07-14
LD-0342,Qualified Lead,2,2024-07-15
LD-0343,Initial Contact,1,2024-12-06
LD-0344,Initial Contact,1,2024-04-29
LD-0345,Initial Contact,1,2024-04-22
LD-0345,Qualified Lead,2,2024-04-23
LD-0345,Sales Meeting,3,2024-04-24
LD-0345,Proposal Sent,4,2024-01-05
LD-0345,Deal Closed,5,2024-12-05
LD-0346,Initial Contact,1,2024-12-23
LD-0346,Qualified Lead,2,2024-12-25
LD-0346,Sales Meeting,3,2025-08-01
LD-0347,Initial Contact,1,2024-09-09
LD-0347,Qualified Lead,2,2024-10-09
LD-0347,Sales Meeting,3,2024-09-14
LD-0347,Proposal Sent,4,2024-09-18
LD-0347,Deal Closed,5,2024-09-27
LD-0348,Initial Contact,1,2024-06-18
LD-0349,Initial Contact,1,2024-10-27
LD-0350,Initial Contact,1,2024-10-27
LD-0350,Qualified Lead,2,2024-10-28
LD-0350,Sales Meeting,3,2024-09-11
LD-0350,Proposal Sent,4,2024-11-13
LD-0350,Deal Closed,5,2024-11-26
LD-0351,Initial Contact,1,2024-11-28
LD-0351,Qualified Lead,2,2024-01-12
LD-0351,Sales Meeting,3,2024-09-12
LD-0351,Proposal Sent,4,2024-12-15
LD-0351,Deal Closed,5,2024-12-25
LD-0352,Initial Contact,1,2024-03-30
LD-0352,Qualified Lead,2,2024-03-04
LD-0352,Sales Meeting,3,2024-04-15
LD-0353,Initial Contact,1,2024-10-17
LD-0353,Qualified Lead,2,2024-10-21
LD-0353,Sales Meeting,3,2024-10-27
LD-0353,Proposal Sent,4,2024-05-11
LD-0353,Deal Closed,5,2024-09-11
LD-0354,Initial Contact,1,2024-03-13
LD-0354,Qualified Lead,2,2024-03-19
LD-0354,Sales Meeting,3,2024-03-25
LD-0354,Proposal Sent,4,2024-03-26
LD-0354,Deal Closed,5,2024-03-04
LD-0355,Initial Contact,1,2024-09-12
LD-0355,Qualified Lead,2,2024-10-12
LD-0355,Sales Meeting,3,2024-12-20
LD-0355,Proposal Sent,4,2024-12-23
LD-0356,Initial Contact,1,2024-01-01
LD-0356,Qualified Lead,2,2024-02-01
LD-0356,Sales Meeting,3,2024-07-01
LD-0356,Proposal Sent,4,2024-08-01
LD-0356,Deal Closed,5,2024-09-01
LD-0357,Initial Contact,1,2024-11-07
LD-0357,Qualified Lead,2,2024-07-15
LD-0357,Sales Meeting,3,2024-07-25
LD-0357,Proposal Sent,4,2024-07-31
LD-0357,Deal Closed,5,2024-03-08
LD-0358,Initial Contact,1,2024-01-18
LD-0358,Qualified Lead,2,2024-01-20
LD-0358,Sales Meeting,3,2024-01-26
LD-0358,Proposal Sent,4,2024-01-27
LD-0358,Deal Closed,5,2024-11-02
LD-0359,Initial Contact,1,2024-07-10
LD-0359,Qualified Lead,2,2024-11-10
LD-0359,Sales Meeting,3,2024-10-17
LD-0359,Proposal Sent,4,2024-10-22
LD-0359,Deal Closed,5,2024-10-31
LD-0360,Initial Contact,1,2024-06-11
LD-0361,Initial Contact,1,2024-05-15
LD-0362,Initial Contact,1,2024-02-14
LD-0362,Qualified Lead,2,2024-02-15
LD-0362,Sales Meeting,3,2024-02-17
LD-0363,Initial Contact,1,2024-02-29
LD-0363,Qualified Lead,2,2024-06-03
LD-0363,Sales Meeting,3,2024-03-15
LD-0363,Proposal Sent,4,2024-03-18
LD-0363,Deal Closed,5,2024-03-28
LD-0364,Initial Contact,1,2024-07-14
LD-0364,Qualified Lead,2,2024-07-19
LD-0365,Initial Contact,1,2024-07-12
LD-0365,Qualified Lead,2,2024-10-12
LD-0365,Sales Meeting,3,2024-12-14
LD-0365,Proposal Sent,4,2024-12-21
LD-0365,Deal Closed,5,2024-12-30
LD-0366,Initial Contact,1,2024-07-17
LD-0366,Qualified Lead,2,2024-07-21
LD-0367,Initial Contact,1,2024-01-18
LD-0367,Qualified Lead,2,2024-01-23
LD-0367,Sales Meeting,3,2024-01-27
LD-0367,Proposal Sent,4,2024-04-02
LD-0367,Deal Closed,5,2024-12-02
LD-0368,Initial Contact,1,2024-03-26
LD-0368,Qualified Lead,2,2024-02-04
LD-0368,Sales Meeting,3,2024-06-04
LD-0368,Proposal Sent,4,2024-04-16
LD-0369,Initial Contact,1,2024-10-31
LD-0369,Qualified Lead,2,2024-01-11
LD-0369,Sales Meeting,3,2024-06-11
LD-0369,Proposal Sent,4,2024-10-11
LD-0369,Deal Closed,5,2024-11-20
LD-0370,Initial Contact,1,2024-08-22
LD-0371,Initial Contact,1,2024-10-25
LD-0371,Qualified Lead,2,2024-10-26
LD-0371,Sales Meeting,3,2024-01-11
LD-0371,Proposal Sent,4,2024-12-11
LD-0371,Deal Closed,5,2024-11-28
LD-0372,Initial Contact,1,2024-07-29
LD-0372,Qualified Lead,2,2024-01-08
LD-0372,Sales Meeting,3,2024-08-08
LD-0372,Proposal Sent,4,2024-08-13
LD-0372,Deal Closed,5,2024-08-24
LD-0373,Initial Contact,1,2024-12-14
LD-0374,Initial Contact,1,2024-11-01
LD-0374,Qualified Lead,2,2024-01-13
LD-0374,Sales Meeting,3,2024-01-14
LD-0374,Proposal Sent,4,2024-01-20
LD-0375,Initial Contact,1,2024-02-06
LD-0375,Qualified Lead,2,2024-04-06
LD-0376,Initial Contact,1,2024-07-27
LD-0376,Qualified Lead,2,2024-07-28
LD-0376,Sales Meeting,3,2024-07-29
LD-0376,Proposal Sent,4,2024-03-08
LD-0377,Initial Contact,1,2024-10-03
LD-0377,Qualified Lead,2,2024-03-16
LD-0378,Initial Contact,1,2024-01-26
LD-0378,Qualified Lead,2,2024-01-31
LD-0378,Sales Meeting,3,2024-06-02
LD-0379,Initial Contact,1,2024-09-07
LD-0379,Qualified Lead,2,2024-07-13
LD-0380,Initial Contact,1,2024-12-18
LD-0380,Qualified Lead,2,2024-12-19
LD-0380,Sales Meeting,3,2024-12-31
LD-0380,Proposal Sent,4,2025-09-01
LD-0380,Deal Closed,5,2025-01-13
LD-0381,Initial Contact,1,2024-04-25
LD-0382,Initial Contact,1,2024-11-27
LD-0382,Qualified Lead,2,2024-11-30
LD-0382,Sales Meeting,3,2024-08-12
LD-0382,Proposal Sent,4,2024-11-12
LD-0382,Deal Closed,5,2024-12-15
LD-0383,Initial Contact,1,2024-05-20
LD-0383,Qualified Lead,2,2024-05-22
LD-0384,Initial Contact,1,2024-02-22
LD-0384,Qualified Lead,2,2024-02-26
LD-0384,Sales Meeting,3,2024-02-03
LD-0384,Proposal Sent,4,2024-09-03
LD-0384,Deal Closed,5,2024-10-03
LD-0385,Initial Contact,1,2024-12-16
LD-0385,Qualified Lead,2,2024-12-21
LD-0385,Sales Meeting,3,2024-12-22
LD-0385,Proposal Sent,4,2024-12-25
LD-0385,Deal Closed,5,2024-12-27
LD-0386,Initial Contact,1,2024-11-29
LD-0386,Qualified Lead,2,2024-11-30
LD-0386,Sales Meeting,3,2024-11-12
LD-0386,Proposal Sent,4,2024-12-14
LD-0386,Deal Closed,5,2024-12-23
LD-0387,Initial Contact,1,2024-04-12
LD-0387,Qualified Lead,2,2024-06-12
LD-0387,Sales Meeting,3,2024-12-14
LD-0387,Proposal Sent,4,2024-12-19
LD-0387,Deal Closed,5,2024-12-20
LD-0388,Initial Contact,1,2024-01-19
LD-0388,Qualified Lead,2,2024-01-23
LD-0388,Sales Meeting,3,2024-01-28
LD-0388,Proposal Sent,4,2024-01-29
LD-0388,Deal Closed,5,2024-03-02
LD-0389,Initial Contact,1,2024-09-12
LD-0389,Qualified Lead,2,2024-12-15
LD-0390,Initial Contact,1,2024-10-13
LD-0391,Initial Contact,1,2024-06-18
LD-0391,Qualified Lead,2,2024-06-20
LD-0391,Sales Meeting,3,2024-06-25
LD-0392,Initial Contact,1,2024-08-29
LD-0392,Qualified Lead,2,2024-01-09
LD-0393,Initial Contact,1,2024-12-04
LD-0393,Qualified Lead,2,2024-04-17
LD-0393,Sales Meeting,3,2024-04-24
LD-0393,Proposal Sent,4,2024-04-28
LD-0393,Deal Closed,5,2024-05-05
LD-0394,Initial Contact,1,2024-06-19
LD-0395,Initial Contact,1,2024-07-09
LD-0395,Qualified Lead,2,2024-09-09
LD-0395,Sales Meeting,3,2024-09-18
LD-0395,Proposal Sent,4,2024-09-23
LD-0396,Initial Contact,1,2024-09-30
LD-0396,Qualified Lead,2,2024-02-10
LD-0396,Sales Meeting,3,2024-09-10
LD-0396,Proposal Sent,4,2024-10-10
LD-0396,Deal Closed,5,2024-10-22
LD-0397,Initial Contact,1,2024-11-16
LD-0398,Initial Contact,1,2024-01-24
LD-0399,Initial Contact,1,2024-07-09
LD-0400,Initial Contact,1,2024-12-01
LD-0401,Initial Contact,1,2024-01-25
LD-0402,Initial Contact,1,2024-09-05
LD-0403,Initial Contact,1,2024-06-11
LD-0403,Qualified Lead,2,2024-07-11
LD-0404,Initial Contact,1,2024-07-11
LD-0404,Qualified Lead,2,2024-08-11
LD-0404,Sales Meeting,3,2024-12-11
LD-0404,Proposal Sent,4,2024-11-22
LD-0404,Deal Closed,5,2024-11-29
LD-0405,Initial Contact,1,2024-11-09
LD-0405,Qualified Lead,2,2024-09-14
LD-0405,Sales Meeting,3,2024-09-24
LD-0406,Initial Contact,1,2024-09-09
LD-0406,Qualified Lead,2,2024-12-09
LD-0406,Sales Meeting,3,2024-09-20
LD-0406,Proposal Sent,4,2024-02-10
LD-0406,Deal Closed,5,2024-09-10
LD-0407,Initial Contact,1,2024-05-31
LD-0408,Initial Contact,1,2024-02-29
LD-0408,Qualified Lead,2,2024-05-03
LD-0408,Sales Meeting,3,2024-03-16
LD-0408,Proposal Sent,4,2024-03-24
LD-0408,Deal Closed,5,2024-04-04
LD-0409,Initial Contact,1,2024-12-08
LD-0410,Initial Contact,1,2024-07-16
LD-0410,Qualified Lead,2,2024-07-22
LD-0411,Initial Contact,1,2024-03-22
LD-0411,Qualified Lead,2,2024-03-25
LD-0411,Sales Meeting,3,2024-03-28
LD-0411,Proposal Sent,4,2024-01-04
LD-0411,Deal Closed,5,2024-10-04
LD-0412,Initial Contact,1,2024-09-11
LD-0412,Qualified Lead,2,2024-12-11
LD-0412,Sales Meeting,3,2024-11-20
LD-0412,Proposal Sent,4,2024-11-29
LD-0412,Deal Closed,5,2024-09-12
LD-0413,Initial Contact,1,2024-07-29
LD-0414,Initial Contact,1,2024-04-24
LD-0414,Qualified Lead,2,2024-04-28
LD-0414,Sales Meeting,3,2024-09-05
LD-0415,Initial Contact,1,2024-06-26
LD-0415,Qualified Lead,2,2024-06-30
LD-0415,Sales Meeting,3,2024-09-07
LD-0416,Initial Contact,1,2024-09-15
LD-0416,Qualified Lead,2,2024-09-20
LD-0416,Sales Meeting,3,2024-09-26
LD-0416,Proposal Sent,4,2024-01-10
LD-0417,Initial Contact,1,2024-04-24
LD-0417,Qualified Lead,2,2024-04-27
LD-0418,Initial Contact,1,2024-10-06
LD-0418,Qualified Lead,2,2024-11-06
LD-0418,Sales Meeting,3,2024-06-24
LD-0418,Proposal Sent,4,2024-06-26
LD-0418,Deal Closed,5,2024-06-29
LD-0419,Initial Contact,1,2024-02-16
LD-0419,Qualified Lead,2,2024-02-17
LD-0419,Sales Meeting,3,2024-02-21
LD-0419,Proposal Sent,4,2024-02-22
LD-0419,Deal Closed,5,2024-09-03
LD-0420,Initial Contact,1,2024-01-28
LD-0420,Qualified Lead,2,2024-02-02
LD-0420,Sales Meeting,3,2024-06-02
LD-0420,Proposal Sent,4,2024-02-17
LD-0421,Initial Contact,1,2024-02-19
LD-0422,Initial Contact,1,2024-01-24
LD-0422,Qualified Lead,2,2024-01-25
LD-0423,Initial Contact,1,2024-07-20
LD-0423,Qualified Lead,2,2024-07-21
LD-0423,Sales Meeting,3,2024-07-22
LD-0423,Proposal Sent,4,2024-07-30
LD-0423,Deal Closed,5,2024-08-19
LD-0424,Initial Contact,1,2024-10-12
LD-0424,Qualified Lead,2,2024-12-15
LD-0424,Sales Meeting,3,2024-12-24
LD-0424,Proposal Sent,4,2024-12-30
LD-0425,Initial Contact,1,2024-01-25
LD-0425,Qualified Lead,2,2024-01-29
LD-0426,Initial Contact,1,2024-06-03
LD-0426,Qualified Lead,2,2024-09-03
LD-0426,Sales Meeting,3,2024-03-15
LD-0427,Initial Contact,1,2024-07-05
LD-0427,Qualified Lead,2,2024-09-05
LD-0427,Sales Meeting,3,2024-10-05
LD-0427,Proposal Sent,4,2024-05-14
LD-0427,Deal Closed,5,2024-05-17
LD-0428,Initial Contact,1,2024-09-19
LD-0428,Qualified Lead,2,2024-09-20
LD-0428,Sales Meeting,3,2024-09-27
LD-0428,Proposal Sent,4,2024-06-10
LD-0428,Deal Closed,5,2024-10-18
LD-0429,Initial Contact,1,2024-11-15
LD-0429,Qualified Lead,2,2024-11-16
LD-0429,Sales Meeting,3,2024-11-19
LD-0430,Initial Contact,1,2024-11-22
LD-0431,Initial Contact,1,2024-09-30
LD-0431,Qualified Lead,2,2024-02-10
LD-0431,Sales Meeting,3,2024-11-10
LD-0431,Proposal Sent,4,2024-10-13
LD-0432,Initial Contact,1,2024-03-23
LD-0432,Qualified Lead,2,2024-03-24
LD-0432,Sales Meeting,3,2024-03-28
LD-0433,Initial Contact,1,2024-08-19
LD-0433,Qualified Lead,2,2024-08-20
LD-0433,Sales Meeting,3,2024-08-28
LD-0433,Proposal Sent,4,2024-01-09
LD-0433,Deal Closed,5,2024-11-09
LD-0434,Initial Contact,1,2024-12-22
LD-0434,Qualified Lead,2,2024-12-25
LD-0434,Sales Meeting,3,2025-06-01
LD-0434,Proposal Sent,4,2025-11-01
LD-0434,Deal Closed,5,2025-01-16
LD-0435,Initial Contact,1,2024-09-10
LD-0435,Qualified Lead,2,2024-12-10
LD-0435,Sales Meeting,3,2024-10-21
LD-0435,Proposal Sent,4,2024-10-26
LD-0435,Deal Closed,5,2024-03-11
LD-0436,Initial Contact,1,2024-11-20
LD-0436,Qualified Lead,2,2024-11-21
LD-0436,Sales Meeting,3,2024-11-25
LD-0437,Initial Contact,1,2024-03-31
LD-0438,Initial Contact,1,2024-03-23
LD-0439,Initial Contact,1,2024-11-16
LD-0439,Qualified Lead,2,2024-11-17
LD-0439,Sales Meeting,3,2024-11-21
LD-0440,Initial Contact,1,2024-04-04
LD-0440,Qualified Lead,2,2024-06-04
LD-0440,Sales Meeting,3,2024-04-17
LD-0440,Proposal Sent,4,2024-04-19
LD-0441,Initial Contact,1,2024-06-18
LD-0442,Initial Contact,1,2024-08-12
LD-0443,Initial Contact,1,2024-02-28
LD-0443,Qualified Lead,2,2024-02-29
LD-0443,Sales Meeting,3,2024-08-03
LD-0443,Proposal Sent,4,2024-03-14
LD-0443,Deal Closed,5,2024-03-24
LD-0444,Initial Contact,1,2024-08-16
LD-0445,Initial Contact,1,2024-09-30
LD-0445,Qualified Lead,2,2024-02-10
LD-0445,Sales Meeting,3,2024-09-10
LD-0445,Proposal Sent,4,2024-10-13
LD-0445,Deal Closed,5,2024-10-25
LD-0446,Initial Contact,1,2024-02-10
LD-0446,Qualified Lead,2,2024-09-10
LD-0446,Sales Meeting,3,2024-10-13
LD-0446,Proposal Sent,4,2024-10-14
LD-0447,Initial Contact,1,2024-06-18
LD-0447,Qualified Lead,2,2024-06-26
LD-0447,Sales Meeting,3,2024-06-29
LD-0447,Proposal Sent,4,2024-08-07
LD-0447,Deal Closed,5,2024-07-24
LD-0448,Initial Contact,1,2024-07-27
LD-0448,Qualified Lead,2,2024-07-28
LD-0448,Sales Meeting,3,2024-06-08
LD-0448,Proposal Sent,4,2024-08-15
LD-0448,Deal Closed,5,2024-08-21
LD-0449,Initial Contact,1,2024-12-11
LD-0449,Qualified Lead,2,2024-11-14
LD-0449,Sales Meeting,3,2024-11-18
LD-0449,Proposal Sent,4,2024-11-19
LD-0449,Deal Closed,5,2024-11-23
LD-0450,Initial Contact,1,2024-12-17
LD-0450,Qualified Lead,2,2024-12-18
LD-0450,Sales Meeting,3,2024-12-25
LD-0450,Proposal Sent,4,2024-12-27
LD-0450,Deal Closed,5,2025-05-01
LD-0451,Initial Contact,1,2024-09-30
LD-0451,Qualified Lead,2,2024-01-10
LD-0451,Sales Meeting,3,2024-09-10
LD-0452,Initial Contact,1,2024-11-27
LD-0452,Qualified Lead,2,2024-11-28
LD-0452,Sales Meeting,3,2024-06-12
LD-0452,Proposal Sent,4,2024-12-14
LD-0452,Deal Closed,5,2024-12-15
LD-0453,Initial Contact,1,2024-02-13
LD-0453,Qualified Lead,2,2024-02-19
LD-0453,Sales Meeting,3,2024-02-27
LD-0453,Proposal Sent,4,2024-02-29
LD-0453,Deal Closed,5,2024-07-03
LD-0454,Initial Contact,1,2024-03-23
LD-0454,Qualified Lead,2,2024-03-27
LD-0454,Sales Meeting,3,2024-03-04
LD-0455,Initial Contact,1,2024-08-10
LD-0455,Qualified Lead,2,2024-09-10
LD-0456,Initial Contact,1,2024-06-03
LD-0457,Initial Contact,1,2024-12-21
LD-0457,Qualified Lead,2,2024-12-23
LD-0457,Sales Meeting,3,2024-12-26
LD-0458,Initial Contact,1,2024-11-24
LD-0458,Qualified Lead,2,2024-11-29
LD-0458,Sales Meeting,3,2024-10-12
LD-0458,Proposal Sent,4,2024-12-16
LD-0459,Initial Contact,1,2024-09-10
LD-0459,Qualified Lead,2,2024-11-10
LD-0459,Sales Meeting,3,2024-10-22
LD-0459,Proposal Sent,4,2024-10-27
LD-0459,Deal Closed,5,2024-11-15
LD-0460,Initial Contact,1,2024-11-16
LD-0460,Qualified Lead,2,2024-11-19
LD-0460,Sales Meeting,3,2024-11-26
LD-0460,Proposal Sent,4,2024-11-30
LD-0460,Deal Closed,5,2024-08-12
LD-0461,Initial Contact,1,2024-10-29
LD-0461,Qualified Lead,2,2024-10-31
LD-0461,Sales Meeting,3,2024-09-11
LD-0461,Proposal Sent,4,2024-11-16
LD-0461,Deal Closed,5,2024-11-20
LD-0462,Initial Contact,1,2024-07-19
LD-0462,Qualified Lead,2,2024-07-20
LD-0462,Sales Meeting,3,2024-07-21
LD-0462,Proposal Sent,4,2024-07-27
LD-0462,Deal Closed,5,2024-07-29
LD-0463,Initial Contact,1,2024-09-14
LD-0463,Qualified Lead,2,2024-09-15
LD-0463,Sales Meeting,3,2024-09-23
LD-0463,Proposal Sent,4,2024-05-10
LD-0463,Deal Closed,5,2024-12-10
LD-0464,Initial Contact,1,2024-03-22
LD-0464,Qualified Lead,2,2024-03-26
LD-0464,Sales Meeting,3,2024-02-04
LD-0464,Proposal Sent,4,2024-06-04
LD-0464,Deal Closed,5,2024-04-18
LD-0465,Initial Contact,1,2024-04-22
LD-0466,Initial Contact,1,2024-08-20
LD-0467,Initial Contact,1,2024-10-23
LD-0468,Initial Contact,1,2024-04-24
LD-0468,Qualified Lead,2,2024-04-25
LD-0469,Initial Contact,1,2024-03-25
LD-0469,Qualified Lead,2,2024-03-27
LD-0469,Sales Meeting,3,2024-03-30
LD-0469,Proposal Sent,4,2024-05-04
LD-0469,Deal Closed,5,2024-08-04
LD-0470,Initial Contact,1,2024-04-12
LD-0470,Qualified Lead,2,2024-07-12
LD-0470,Sales Meeting,3,2024-12-13
LD-0470,Proposal Sent,4,2024-12-21
LD-0471,Initial Contact,1,2024-12-01
LD-0472,Initial Contact,1,2024-02-04
LD-0472,Qualified Lead,2,2024-06-04
LD-0473,Initial Contact,1,2024-04-20
LD-0473,Qualified Lead,2,2024-04-24
LD-0473,Sales Meeting,3,2024-01-05
LD-0473,Proposal Sent,4,2024-02-05
LD-0473,Deal Closed,5,2024-04-05
LD-0474,Initial Contact,1,2024-03-04
LD-0474,Qualified Lead,2,2024-05-04
LD-0475,Initial Contact,1,2024-08-03
LD-0475,Qualified Lead,2,2024-10-03
LD-0475,Sales Meeting,3,2024-03-17
LD-0475,Proposal Sent,4,2024-03-23
LD-0475,Deal Closed,5,2024-03-30
LD-0476,Initial Contact,1,2024-08-31
LD-0476,Qualified Lead,2,2024-03-09
LD-0476,Sales Meeting,3,2024-10-09
LD-0477,Initial Contact,1,2024-03-10
LD-0477,Qualified Lead,2,2024-04-10
LD-0477,Sales Meeting,3,2024-10-10
LD-0477,Proposal Sent,4,2024-11-10
LD-0478,Initial Contact,1,2024-04-27
LD-0478,Qualified Lead,2,2024-03-05
LD-0479,Initial Contact,1,2024-05-08
LD-0479,Qualified Lead,2,2024-07-08
LD-0479,Sales Meeting,3,2024-08-19
LD-0479,Proposal Sent,4,2024-08-24
LD-0479,Deal Closed,5,2024-08-30
LD-0480,Initial Contact,1,2024-06-04
LD-0480,Qualified Lead,2,2024-07-04
LD-0480,Sales Meeting,3,2024-12-04
LD-0480,Proposal Sent,4,2024-04-15
LD-0480,Deal Closed,5,2024-04-23
LD-0481,Initial Contact,1,2024-10-06
LD-0482,Initial Contact,1,2024-12-14
LD-0483,Initial Contact,1,2024-10-22
LD-0483,Qualified Lead,2,2024-10-25
LD-0483,Sales Meeting,3,2024-05-11
LD-0484,Initial Contact,1,2024-03-23
LD-0484,Qualified Lead,2,2024-03-24
LD-0484,Sales Meeting,3,2024-03-25
LD-0484,Proposal Sent,4,2024-01-04
LD-0484,Deal Closed,5,2024-02-04
LD-0485,Initial Contact,1,2024-07-18
LD-0486,Initial Contact,1,2024-10-02
LD-0486,Qualified Lead,2,2024-11-02
LD-0486,Sales Meeting,3,2024-12-02
LD-0487,Initial Contact,1,2024-03-30
LD-0487,Qualified Lead,2,2024-03-04
LD-0488,Initial Contact,1,2024-09-21
LD-0488,Qualified Lead,2,2024-09-22
LD-0488,Sales Meeting,3,2024-09-26
LD-0489,Initial Contact,1,2024-07-23
LD-0489,Qualified Lead,2,2024-07-24
LD-0490,Initial Contact,1,2024-10-13
LD-0490,Qualified Lead,2,2024-10-15
LD-0491,Initial Contact,1,2024-05-13
LD-0491,Qualified Lead,2,2024-05-16
LD-0491,Sales Meeting,3,2024-05-19
LD-0491,Proposal Sent,4,2024-05-27
LD-0491,Deal Closed,5,2024-03-06
LD-0492,Initial Contact,1,2024-11-05
LD-0492,Qualified Lead,2,2024-05-13
LD-0492,Sales Meeting,3,2024-05-16
LD-0492,Proposal Sent,4,2024-05-19
LD-0493,Initial Contact,1,2024-08-22
LD-0493,Qualified Lead,2,2024-08-24
LD-0493,Sales Meeting,3,2024-06-09
LD-0493,Proposal Sent,4,2024-07-09
LD-0494,Initial Contact,1,2024-12-25
LD-0494,Qualified Lead,2,2024-12-30
LD-0494,Sales Meeting,3,2025-05-01
LD-0494,Proposal Sent,4,2025-07-01
LD-0494,Deal Closed,5,2025-01-20
LD-0495,Initial Contact,1,2024-02-17
LD-0495,Qualified Lead,2,2024-02-18
LD-0495,Sales Meeting,3,2024-03-03
LD-0496,Initial Contact,1,2024-03-04
LD-0496,Qualified Lead,2,2024-05-04
LD-0496,Sales Meeting,3,2024-04-20
LD-0497,Initial Contact,1,2024-04-13
LD-0497,Qualified Lead,2,2024-04-17
LD-0497,Sales Meeting,3,2024-04-25
LD-0497,Proposal Sent,4,2024-03-05
LD-0498,Initial Contact,1,2024-04-01
LD-0498,Qualified Lead,2,2024-07-01
LD-0499,Initial Contact,1,2024-05-20
LD-0499,Qualified Lead,2,2024-05-23
LD-0499,Sales Meeting,3,2024-05-27
LD-0499,Proposal Sent,4,2024-07-06
LD-0499,Deal Closed,5,2024-06-15
LD-0500,Initial Contact,1,2024-01-09
